,id,sourceIdentifier,published,lastModified,vulnStatus,cveTags,CPE,CVSS_31,CVSS_4,CVSS_2,Description
0,CVE-2025-53767,secure@microsoft.com,2025-08-07 21:15:28.007,2025-08-14 17:32:03.190,Analyzed,"[{'sourceIdentifier': 'secure@microsoft.com', 'tags': ['exclusively-hosted-service']}]",cpe:2.3:a:microsoft:azure_openai:-:*:*:*:*:*:*:*,CRITICAL,,,Vulnerabilidad de elevación de privilegios de Azure OpenAI
2,CVE-2025-53787,secure@microsoft.com,2025-08-07 21:15:28.427,2025-08-14 17:33:52.807,Analyzed,"[{'sourceIdentifier': 'secure@microsoft.com', 'tags': ['exclusively-hosted-service']}]",cpe:2.3:a:microsoft:365_copilot_chat:-:*:*:*:*:*:*:*,HIGH,,,Vulnerabilidad de divulgación de información de BizChat en Microsoft 365 Copilot
3,CVE-2025-53792,secure@microsoft.com,2025-08-07 21:15:28.593,2025-08-14 17:34:08.153,Analyzed,"[{'sourceIdentifier': 'secure@microsoft.com', 'tags': ['exclusively-hosted-service']}]",cpe:2.3:a:microsoft:azure_portal:-:*:*:*:*:*:*:*,CRITICAL,,,Vulnerabilidad de elevación de privilegios en el portal de Azure
4,CVE-2025-24999,secure@microsoft.com,2025-08-12 18:15:27.500,2025-08-14 17:14:01.977,Analyzed,[],cpe:2.3:a:microsoft:sql_server_2016:*:*:*:*:*:*:x64:*,HIGH,,,El control de acceso inadecuado en SQL Server permite que un atacante autorizado eleve privilegios en una red.
6,CVE-2025-47954,secure@microsoft.com,2025-08-12 18:15:28.500,2025-08-14 01:19:28.700,Analyzed,[],cpe:2.3:a:microsoft:sql_server_2022:*:*:*:*:*:*:x64:*,HIGH,,,La neutralización incorrecta de elementos especiales utilizados en un comando SQL ('inyección SQL') en SQL Server permite a un atacante autorizado elevar privilegios en una red.
8,CVE-2025-49707,secure@microsoft.com,2025-08-12 18:15:29.977,2025-08-20 20:55:51.070,Analyzed,"[{'sourceIdentifier': 'secure@microsoft.com', 'tags': ['exclusively-hosted-service']}]",cpe:2.3:o:microsoft:ecesv6-series_azure_vm_firmware:-:*:*:*:*:*:*:*,HIGH,,,El control de acceso inadecuado en Azure Virtual Machines permite que un atacante autorizado realice suplantación de identidad localmente.
9,CVE-2025-49712,secure@microsoft.com,2025-08-12 18:15:30.183,2025-08-15 17:48:21.737,Analyzed,[],cpe:2.3:a:microsoft:sharepoint_server:2016:*:*:*:enterprise:*:*:*,HIGH,,,La deserialización de datos no confiables en Microsoft Office SharePoint permite que un atacante autorizado ejecute código a través de una red.
15,CVE-2025-49757,secure@microsoft.com,2025-08-12 18:15:31.143,2025-08-19 14:41:34.130,Analyzed,[],cpe:2.3:o:microsoft:windows_server_2008:-:sp2:*:*:*:*:x64:*,HIGH,,,El desbordamiento del búfer basado en montón en el Servicio de enrutamiento y acceso remoto de Windows (RRAS) permite que un atacante no autorizado ejecute código a través de una red.
16,CVE-2025-49758,secure@microsoft.com,2025-08-12 18:15:31.313,2025-08-14 01:20:25.597,Analyzed,[],cpe:2.3:a:microsoft:sql_server_2016:*:*:*:*:*:*:x64:*,HIGH,,,La neutralización incorrecta de elementos especiales utilizados en un comando SQL ('inyección SQL') en SQL Server permite a un atacante autorizado elevar privilegios en una red.
17,CVE-2025-49759,secure@microsoft.com,2025-08-12 18:15:31.467,2025-08-14 01:20:16.437,Analyzed,[],cpe:2.3:a:microsoft:sql_server_2016:*:*:*:*:*:*:x64:*,HIGH,,,La neutralización incorrecta de elementos especiales utilizados en un comando SQL ('inyección SQL') en SQL Server permite a un atacante autorizado elevar privilegios en una red.
18,CVE-2025-49761,secure@microsoft.com,2025-08-12 18:15:31.623,2025-08-19 14:41:53.423,Analyzed,[],cpe:2.3:o:microsoft:windows_10_1507:*:*:*:*:*:*:x64:*,HIGH,,,Use After Free en el kernel de Windows permite que un atacante autorizado eleve privilegios localmente.
19,CVE-2025-49762,secure@microsoft.com,2025-08-12 18:15:31.797,2025-08-19 14:42:01.830,Analyzed,[],cpe:2.3:o:microsoft:windows_10_1507:*:*:*:*:*:*:x64:*,HIGH,,,La ejecución concurrente utilizando un recurso compartido con sincronización incorrecta ('condición de ejecución') en el controlador de función auxiliar de Windows para WinSock permite que un atacante autorizado eleve privilegios localmente.
20,CVE-2025-50153,secure@microsoft.com,2025-08-12 18:15:31.963,2025-08-14 17:14:11.963,Analyzed,[],cpe:2.3:o:microsoft:windows_10_1507:*:*:*:*:*:*:x64:*,HIGH,,,Use after free en el Administrador de ventanas de escritorio permite que un atacante autorizado eleve privilegios localmente.
21,CVE-2025-50154,secure@microsoft.com,2025-08-12 18:15:32.123,2025-08-14 17:14:19.700,Analyzed,[],cpe:2.3:o:microsoft:windows_10_1507:*:*:*:*:*:*:x64:*,HIGH,,,La exposición de información confidencial a un actor no autorizado en el Explorador de archivos de Windows permite que un atacante no autorizado realice suplantación de identidad a través de una red.
22,CVE-2025-50155,secure@microsoft.com,2025-08-12 18:15:32.293,2025-08-14 17:14:33.783,Analyzed,[],cpe:2.3:o:microsoft:windows_10_1507:*:*:*:*:*:*:x64:*,HIGH,,,El acceso a un recurso mediante un tipo incompatible ('confusión de tipos') en las notificaciones push de Windows permite que un atacante autorizado eleve privilegios localmente.
25,CVE-2025-50158,secure@microsoft.com,2025-08-12 18:15:32.790,2025-08-14 17:13:01.483,Analyzed,[],cpe:2.3:o:microsoft:windows_10_1507:*:*:*:*:*:*:x64:*,HIGH,,,La condición de ejecución de tiempo de verificación y tiempo de uso (toctou) en Windows NTFS permite que un atacante no autorizado divulgue información localmente.
26,CVE-2025-50159,secure@microsoft.com,2025-08-12 18:15:32.953,2025-08-14 17:13:09.183,Analyzed,[],cpe:2.3:o:microsoft:windows_10_1507:*:*:*:*:*:*:x64:*,HIGH,,,Use After Free en el protocolo de acceso remoto punto a punto (PPP) EAP-TLS permite que un atacante autorizado eleve privilegios localmente.
27,CVE-2025-50160,secure@microsoft.com,2025-08-12 18:15:33.120,2025-08-14 17:13:20.773,Analyzed,[],cpe:2.3:o:microsoft:windows_server_2008:-:sp2:*:*:*:*:x64:*,HIGH,,,El desbordamiento del búfer basado en montón en el Servicio de enrutamiento y acceso remoto de Windows (RRAS) permite que un atacante autorizado ejecute código a través de una red.
28,CVE-2025-50161,secure@microsoft.com,2025-08-12 18:15:33.290,2025-08-14 17:13:31.473,Analyzed,[],cpe:2.3:o:microsoft:windows_10_1507:*:*:*:*:*:*:x64:*,HIGH,,,Desbordamiento de búfer basado en montón en Windows Win32K: GRFX permite que un atacante autorizado eleve privilegios localmente.
29,CVE-2025-50162,secure@microsoft.com,2025-08-12 18:15:33.517,2025-08-14 17:41:15.277,Analyzed,[],cpe:2.3:o:microsoft:windows_server_2008:-:sp2:*:*:*:*:x64:*,HIGH,,,El desbordamiento del búfer basado en montón en el Servicio de enrutamiento y acceso remoto de Windows (RRAS) permite que un atacante autorizado ejecute código a través de una red.
30,CVE-2025-50163,secure@microsoft.com,2025-08-12 18:15:33.710,2025-08-14 17:41:02.793,Analyzed,[],cpe:2.3:o:microsoft:windows_server_2008:-:sp2:*:*:*:*:x64:*,HIGH,,,El desbordamiento del búfer basado en montón en el Servicio de enrutamiento y acceso remoto de Windows (RRAS) permite que un atacante no autorizado ejecute código a través de una red.
31,CVE-2025-50164,secure@microsoft.com,2025-08-12 18:15:33.893,2025-08-14 17:36:42.900,Analyzed,[],cpe:2.3:o:microsoft:windows_server_2008:-:sp2:*:*:*:*:x64:*,HIGH,,,El desbordamiento del búfer basado en montón en el Servicio de enrutamiento y acceso remoto de Windows (RRAS) permite que un atacante autorizado ejecute código a través de una red.
32,CVE-2025-50165,secure@microsoft.com,2025-08-12 18:15:34.053,2025-08-14 17:05:02.893,Analyzed,[],cpe:2.3:o:microsoft:windows_11_24h2:*:*:*:*:*:*:*:*,CRITICAL,,,La desreferencia de puntero no confiable en el componente de gráficos de Microsoft permite que un atacante no autorizado ejecute código a través de una red.
34,CVE-2025-50167,secure@microsoft.com,2025-08-12 18:15:34.377,2025-08-14 17:35:35.400,Analyzed,[],cpe:2.3:o:microsoft:windows_10_1507:*:*:*:*:*:*:x64:*,HIGH,,,La ejecución concurrente utilizando un recurso compartido con sincronización incorrecta ('condición de ejecución') en Windows Hyper-V permite que un atacante autorizado eleve privilegios localmente.
35,CVE-2025-50168,secure@microsoft.com,2025-08-12 18:15:34.540,2025-08-19 14:20:55.890,Analyzed,[],cpe:2.3:o:microsoft:windows_11_22h2:*:*:*:*:*:*:*:*,HIGH,,,Acceso a recursos mediante un tipo incompatible ('confusión de tipos') en Windows Win32K - ICOMP permite que un atacante autorizado eleve privilegios localmente.
36,CVE-2025-50169,secure@microsoft.com,2025-08-12 18:15:35.560,2025-08-19 14:21:27.040,Analyzed,[],cpe:2.3:o:microsoft:windows_11_24h2:*:*:*:*:*:*:*:*,HIGH,,,La ejecución concurrente utilizando un recurso compartido con sincronización incorrecta ('condición de ejecución') en Windows SMB permite que un atacante no autorizado ejecute código a través de una red.
37,CVE-2025-50170,secure@microsoft.com,2025-08-12 18:15:35.720,2025-08-19 14:35:42.480,Analyzed,[],cpe:2.3:o:microsoft:windows_10_1809:*:*:*:*:*:*:x64:*,HIGH,,,El manejo inadecuado de permisos o privilegios insuficientes en Windows Cloud Files Mini Filter Driver permite que un atacante autorizado eleve privilegios localmente.
38,CVE-2025-50171,secure@microsoft.com,2025-08-12 18:15:35.883,2025-08-14 17:06:56.290,Analyzed,[],cpe:2.3:o:microsoft:windows_server_2022:*:*:*:*:*:*:*:*,CRITICAL,,,La falta de autorización en el servidor de Escritorio remoto permite que un atacante no autorizado realice suplantación de identidad a través de una red.
40,CVE-2025-50173,secure@microsoft.com,2025-08-12 18:15:36.193,2025-08-19 14:36:03.933,Analyzed,[],cpe:2.3:o:microsoft:windows_10_1507:*:*:*:*:*:*:x64:*,HIGH,,,La autenticación débil en Windows Installer permite que un atacante autorizado eleve privilegios localmente.
41,CVE-2025-50176,secure@microsoft.com,2025-08-12 18:15:36.377,2025-08-19 14:36:17.890,Analyzed,[],cpe:2.3:o:microsoft:windows_11_22h2:*:*:*:*:*:*:*:*,HIGH,,,El acceso a un recurso utilizando un tipo incompatible ('confusión de tipos') en el kernel de gráficos permite que un atacante autorizado ejecute código localmente.
42,CVE-2025-50177,secure@microsoft.com,2025-08-12 18:15:36.547,2025-08-19 14:36:33.153,Analyzed,[],cpe:2.3:o:microsoft:windows_10_1507:*:*:*:*:*:*:x64:*,HIGH,,,Use after free en Windows Message Queue Server permite que un atacante no autorizado ejecute código a través de una red.
43,CVE-2025-53131,secure@microsoft.com,2025-08-12 18:15:36.723,2025-08-19 14:36:56.903,Analyzed,[],cpe:2.3:o:microsoft:windows_10_1809:*:*:*:*:*:*:x64:*,HIGH,,,El desbordamiento del búfer basado en montón en Windows Media permite que un atacante no autorizado ejecute código a través de una red.
44,CVE-2025-53132,secure@microsoft.com,2025-08-12 18:15:36.890,2025-08-19 14:37:12.377,Analyzed,[],cpe:2.3:o:microsoft:windows_10_1507:*:*:*:*:*:*:x64:*,HIGH,,,Ejecución concurrente utilizando un recurso compartido con sincronización incorrecta ('condición de ejecución') en Windows Win32K - GRFX permite que un atacante autorizado eleve privilegios en una red.
45,CVE-2025-53133,secure@microsoft.com,2025-08-12 18:15:37.060,2025-08-19 14:37:50.843,Analyzed,[],cpe:2.3:o:microsoft:windows_11_24h2:*:*:*:*:*:*:*:*,HIGH,,,Use after free en Windows PrintWorkflowUserSvc permite que un atacante autorizado eleve privilegios localmente.
46,CVE-2025-53134,secure@microsoft.com,2025-08-12 18:15:37.230,2025-08-19 14:12:03.153,Analyzed,[],cpe:2.3:o:microsoft:windows_10_1507:*:*:*:*:*:*:x64:*,HIGH,,,La ejecución concurrente utilizando un recurso compartido con sincronización incorrecta ('condición de ejecución') en el controlador de función auxiliar de Windows para WinSock permite que un atacante autorizado eleve privilegios localmente.
47,CVE-2025-53135,secure@microsoft.com,2025-08-12 18:15:37.430,2025-08-19 14:12:26.603,Analyzed,[],cpe:2.3:o:microsoft:windows_10_1507:*:*:*:*:*:*:x64:*,HIGH,,,La ejecución concurrente utilizando un recurso compartido con sincronización incorrecta ('condición de ejecución') en Windows DirectX permite que un atacante autorizado eleve privilegios localmente.
49,CVE-2025-53137,secure@microsoft.com,2025-08-12 18:15:37.750,2025-08-19 14:13:39.013,Analyzed,[],cpe:2.3:o:microsoft:windows_10_1507:*:*:*:*:*:*:x64:*,HIGH,,,Use after free del controlador de funciones auxiliares de Windows para WinSock permite que un atacante autorizado eleve privilegios localmente.
51,CVE-2025-53140,secure@microsoft.com,2025-08-12 18:15:38.080,2025-08-18 17:09:10.500,Analyzed,[],cpe:2.3:o:microsoft:windows_10_1507:*:*:*:*:*:*:x64:*,HIGH,,,Use After Free en Kernel Transaction Manager permite que un atacante autorizado eleve privilegios localmente.
52,CVE-2025-53141,secure@microsoft.com,2025-08-12 18:15:38.247,2025-08-18 17:10:33.100,Analyzed,[],cpe:2.3:o:microsoft:windows_10_1507:*:*:*:*:*:*:x64:*,HIGH,,,La desreferencia de puntero nulo en el controlador de funciones auxiliares de Windows para WinSock permite que un atacante autorizado eleve privilegios localmente.
53,CVE-2025-53142,secure@microsoft.com,2025-08-12 18:15:38.413,2025-08-18 17:10:44.040,Analyzed,[],cpe:2.3:o:microsoft:windows_11_22h2:*:*:*:*:*:*:*:*,HIGH,,,Use after free en Microsoft Brokering File System permite que un atacante autorizado eleve privilegios localmente.
54,CVE-2025-53143,secure@microsoft.com,2025-08-12 18:15:38.583,2025-08-18 16:26:34.060,Analyzed,[],cpe:2.3:o:microsoft:windows_10_1507:*:*:*:*:*:*:x64:*,HIGH,,,El acceso a un recurso mediante un tipo incompatible ('confusión de tipos') en Windows Message Queue Server permite a un atacante autorizado ejecutar código a través de una red.
55,CVE-2025-53144,secure@microsoft.com,2025-08-12 18:15:38.750,2025-08-18 16:26:36.550,Analyzed,[],cpe:2.3:o:microsoft:windows_10_1507:*:*:*:*:*:*:x64:*,HIGH,,,El acceso a un recurso mediante un tipo incompatible ('confusión de tipos') en Windows Message Queue Server permite a un atacante autorizado ejecutar código a través de una red.
56,CVE-2025-53145,secure@microsoft.com,2025-08-12 18:15:38.940,2025-08-18 16:26:38.870,Analyzed,[],cpe:2.3:o:microsoft:windows_10_1507:*:*:*:*:*:*:x64:*,HIGH,,,El acceso a un recurso mediante un tipo incompatible ('confusión de tipos') en Windows Message Queue Server permite a un atacante autorizado ejecutar código a través de una red.
57,CVE-2025-53147,secure@microsoft.com,2025-08-12 18:15:39.110,2025-08-18 17:10:53.163,Analyzed,[],cpe:2.3:o:microsoft:windows_10_1507:*:*:*:*:*:*:x64:*,HIGH,,,Use after free del controlador de funciones auxiliares de Windows para WinSock permite que un atacante autorizado eleve privilegios localmente.
59,CVE-2025-53149,secure@microsoft.com,2025-08-12 18:15:39.437,2025-08-18 17:11:36.487,Analyzed,[],cpe:2.3:o:microsoft:windows_10_1507:*:*:*:*:*:*:x64:*,HIGH,,,El desbordamiento del búfer basado en montón en el controlador del servicio Kernel Streaming WOW Thunk permite que un atacante autorizado eleve privilegios localmente.
60,CVE-2025-53151,secure@microsoft.com,2025-08-12 18:15:39.593,2025-08-18 17:12:14.663,Analyzed,[],cpe:2.3:o:microsoft:windows_10_1809:*:*:*:*:*:*:x64:*,HIGH,,,Use After Free en el kernel de Windows permite que un atacante autorizado eleve privilegios localmente.
61,CVE-2025-53152,secure@microsoft.com,2025-08-12 18:15:39.760,2025-08-18 17:13:07.240,Analyzed,[],cpe:2.3:o:microsoft:windows_10_1507:*:*:*:*:*:*:x64:*,HIGH,,,Use after free en el Administrador de ventanas de escritorio permite que un atacante autorizado ejecute código localmente.
63,CVE-2025-53154,secure@microsoft.com,2025-08-12 18:15:40.083,2025-08-18 17:14:07.143,Analyzed,[],cpe:2.3:o:microsoft:windows_10_1507:*:*:*:*:*:*:x64:*,HIGH,,,La desreferencia de puntero nulo en el controlador de funciones auxiliares de Windows para WinSock permite que un atacante autorizado eleve privilegios localmente.
64,CVE-2025-53155,secure@microsoft.com,2025-08-12 18:15:40.250,2025-08-18 16:36:40.853,Analyzed,[],cpe:2.3:o:microsoft:windows_10_1507:*:*:*:*:*:*:x64:*,HIGH,,,El desbordamiento del búfer basado en montón en Windows Hyper-V permite que un atacante autorizado eleve privilegios localmente.
67,CVE-2025-53718,secure@microsoft.com,2025-08-12 18:15:40.730,2025-08-18 16:49:01.413,Analyzed,[],cpe:2.3:o:microsoft:windows_10_1507:*:*:*:*:*:*:x64:*,HIGH,,,Use after free del controlador de funciones auxiliares de Windows para WinSock permite que un atacante autorizado eleve privilegios localmente.
69,CVE-2025-53720,secure@microsoft.com,2025-08-12 18:15:41.050,2025-08-18 16:51:08.793,Analyzed,[],cpe:2.3:o:microsoft:windows_server_2008:-:sp2:*:*:*:*:x64:*,HIGH,,,El desbordamiento del búfer basado en montón en el Servicio de enrutamiento y acceso remoto de Windows (RRAS) permite que un atacante autorizado ejecute código a través de una red.
70,CVE-2025-53721,secure@microsoft.com,2025-08-12 18:15:41.210,2025-08-18 16:52:23.650,Analyzed,[],cpe:2.3:o:microsoft:windows_10_1809:*:*:*:*:*:*:x64:*,HIGH,,,Use after free en el Servicio de plataforma de dispositivos conectados de Windows permite que un atacante autorizado eleve privilegios localmente.
71,CVE-2025-53722,secure@microsoft.com,2025-08-12 18:15:41.363,2025-08-18 16:57:34.573,Analyzed,[],cpe:2.3:o:microsoft:windows_10_1507:*:*:*:*:*:*:x64:*,HIGH,,,El consumo descontrolado de recursos en los Servicios de Escritorio remoto de Windows permite que un atacante no autorizado deniegue el servicio a través de una red.
72,CVE-2025-53723,secure@microsoft.com,2025-08-12 18:15:41.523,2025-08-15 17:49:41.880,Analyzed,[],cpe:2.3:o:microsoft:windows_10_1507:*:*:*:*:*:*:x64:*,HIGH,,,Un error de truncamiento numérico en Windows Hyper-V permite que un atacante autorizado eleve privilegios localmente.
73,CVE-2025-53724,secure@microsoft.com,2025-08-12 18:15:41.693,2025-08-18 16:22:58.130,Analyzed,[],cpe:2.3:o:microsoft:windows_10_1507:*:*:*:*:*:*:x64:*,HIGH,,,El acceso a un recurso mediante un tipo incompatible ('confusión de tipos') en las notificaciones push de Windows permite que un atacante autorizado eleve privilegios localmente.
74,CVE-2025-53725,secure@microsoft.com,2025-08-12 18:15:41.857,2025-08-18 16:23:09.420,Analyzed,[],cpe:2.3:o:microsoft:windows_10_1507:*:*:*:*:*:*:x64:*,HIGH,,,El acceso a un recurso mediante un tipo incompatible ('confusión de tipos') en las notificaciones push de Windows permite que un atacante autorizado eleve privilegios localmente.
75,CVE-2025-53726,secure@microsoft.com,2025-08-12 18:15:42.017,2025-08-18 16:23:21.130,Analyzed,[],cpe:2.3:o:microsoft:windows_10_1507:*:*:*:*:*:*:x64:*,HIGH,,,El acceso a un recurso mediante un tipo incompatible ('confusión de tipos') en las notificaciones push de Windows permite que un atacante autorizado eleve privilegios localmente.
76,CVE-2025-53727,secure@microsoft.com,2025-08-12 18:15:42.193,2025-08-14 01:20:00.587,Analyzed,[],cpe:2.3:a:microsoft:sql_server_2016:*:*:*:*:*:*:x64:*,HIGH,,,La neutralización incorrecta de elementos especiales utilizados en un comando SQL ('inyección SQL') en SQL Server permite a un atacante autorizado elevar privilegios en una red.
78,CVE-2025-53729,secure@microsoft.com,2025-08-12 18:15:42.553,2025-08-14 17:07:25.733,Analyzed,[],cpe:2.3:a:microsoft:azure_file_sync:*:*:*:*:*:*:*:*,HIGH,,,El control de acceso inadecuado en Azure File Sync permite que un atacante autorizado eleve privilegios localmente.
79,CVE-2025-53730,secure@microsoft.com,2025-08-12 18:15:42.740,2025-08-15 17:13:56.937,Analyzed,[],cpe:2.3:a:microsoft:365_apps:-:*:*:*:enterprise:*:x64:*,HIGH,,,Use after free en Microsoft Office Visio permite que un atacante no autorizado ejecute código localmente.
80,CVE-2025-53731,secure@microsoft.com,2025-08-12 18:15:42.900,2025-08-15 17:14:09.623,Analyzed,[],cpe:2.3:a:microsoft:365_apps:-:*:*:*:enterprise:*:x64:*,HIGH,,,Use after free en Microsoft Office permite que un atacante no autorizado ejecute código localmente.
81,CVE-2025-53732,secure@microsoft.com,2025-08-12 18:15:43.057,2025-08-15 17:14:24.813,Analyzed,[],cpe:2.3:a:microsoft:office:*:*:*:*:*:universal:*:*,HIGH,,,El desbordamiento del búfer basado en montón en Microsoft Office permite que un atacante no autorizado ejecute código localmente.
82,CVE-2025-53733,secure@microsoft.com,2025-08-12 18:15:43.210,2025-08-18 17:00:01.383,Analyzed,[],cpe:2.3:a:microsoft:365_apps:-:*:*:*:enterprise:*:x64:*,HIGH,,,La conversión incorrecta entre tipos numéricos en Microsoft Office Word permite que un atacante no autorizado ejecute código localmente.
83,CVE-2025-53734,secure@microsoft.com,2025-08-12 18:15:43.370,2025-08-15 17:14:49.393,Analyzed,[],cpe:2.3:a:microsoft:365_apps:-:*:*:*:enterprise:*:x64:*,HIGH,,,Use after free en Microsoft Office Visio permite que un atacante no autorizado ejecute código localmente.
84,CVE-2025-53735,secure@microsoft.com,2025-08-12 18:15:43.527,2025-08-15 17:15:00.470,Analyzed,[],cpe:2.3:a:microsoft:365_apps:-:*:*:*:enterprise:*:x64:*,HIGH,,,Use after free en Microsoft Office Excel permite que un atacante no autorizado ejecute código localmente.
86,CVE-2025-53737,secure@microsoft.com,2025-08-12 18:15:43.857,2025-08-15 17:15:28.137,Analyzed,[],cpe:2.3:a:microsoft:365_apps:-:*:*:*:enterprise:*:x64:*,HIGH,,,El desbordamiento del búfer basado en montón en Microsoft Office Excel permite que un atacante no autorizado ejecute código localmente.
87,CVE-2025-53738,secure@microsoft.com,2025-08-12 18:15:44.050,2025-08-18 15:41:52.647,Analyzed,[],cpe:2.3:a:microsoft:365_apps:-:*:*:*:enterprise:*:x64:*,HIGH,,,Use after free en Microsoft Office Word permite que un atacante no autorizado ejecute código localmente.
88,CVE-2025-53739,secure@microsoft.com,2025-08-12 18:15:44.213,2025-08-15 17:15:38.977,Analyzed,[],cpe:2.3:a:microsoft:365_apps:-:*:*:*:enterprise:*:x64:*,HIGH,,,El acceso a un recurso mediante un tipo incompatible ('confusión de tipos') en Microsoft Office Excel permite que un atacante no autorizado ejecute código localmente.
89,CVE-2025-53740,secure@microsoft.com,2025-08-12 18:15:44.400,2025-08-15 17:15:46.000,Analyzed,[],cpe:2.3:a:microsoft:365_apps:-:*:*:*:enterprise:*:x64:*,HIGH,,,Use after free en Microsoft Office permite que un atacante no autorizado ejecute código localmente.
90,CVE-2025-53741,secure@microsoft.com,2025-08-12 18:15:44.610,2025-08-15 17:16:26.827,Analyzed,[],cpe:2.3:a:microsoft:365_apps:-:*:*:*:enterprise:*:x64:*,HIGH,,,El desbordamiento del búfer basado en montón en Microsoft Office Excel permite que un atacante no autorizado ejecute código localmente.
91,CVE-2025-53759,secure@microsoft.com,2025-08-12 18:15:44.777,2025-08-15 17:16:38.060,Analyzed,[],cpe:2.3:a:microsoft:365_apps:-:*:*:*:enterprise:*:x64:*,HIGH,,,El uso de recursos no inicializados en Microsoft Office Excel permite que un atacante no autorizado ejecute código localmente.
92,CVE-2025-53760,secure@microsoft.com,2025-08-12 18:15:44.940,2025-08-15 16:51:11.303,Analyzed,[],cpe:2.3:a:microsoft:sharepoint_server:*:*:*:*:subscription:*:*:*,HIGH,,,Server-side request forgery (ssrf) en Microsoft Office SharePoint permite que un atacante autorizado eleve privilegios en una red.
93,CVE-2025-53761,secure@microsoft.com,2025-08-12 18:15:45.093,2025-08-15 16:51:28.797,Analyzed,[],cpe:2.3:a:microsoft:365_apps:-:*:*:*:enterprise:*:x64:*,HIGH,,,Use after free en Microsoft Office PowerPoint permite que un atacante no autorizado ejecute código localmente.
95,CVE-2025-53766,secure@microsoft.com,2025-08-12 18:15:45.400,2025-08-14 17:11:06.503,Analyzed,[],cpe:2.3:a:microsoft:office:*:*:*:*:*:universal:*:*,CRITICAL,,,El desbordamiento del búfer basado en montón en Windows GDI+ permite que un atacante no autorizado ejecute código a través de una red.
97,CVE-2025-53772,secure@microsoft.com,2025-08-12 18:15:45.787,2025-08-15 16:58:51.267,Analyzed,[],cpe:2.3:a:microsoft:web_deploy_4.0:*:*:*:*:*:*:*:*,HIGH,,,La deserialización de datos no confiables en Web Deploy permite que un atacante autorizado ejecute código a través de una red.
98,CVE-2025-53773,secure@microsoft.com,2025-08-12 18:15:45.940,2025-08-15 17:01:01.673,Analyzed,[],cpe:2.3:a:microsoft:visual_studio_2022:*:*:*:*:*:*:*:*,HIGH,,,La neutralización incorrecta de elementos especiales utilizados en un comando ('inyección de comando') en GitHub Copilot y Visual Studio permite que un atacante no autorizado ejecute código localmente.
99,CVE-2025-53778,secure@microsoft.com,2025-08-12 18:15:46.157,2025-08-15 17:01:15.403,Analyzed,[],cpe:2.3:o:microsoft:windows_10_1507:*:*:*:*:*:*:x64:*,HIGH,,,La autenticación incorrecta en Windows NTLM permite que un atacante autorizado eleve privilegios en una red.
100,CVE-2025-53779,secure@microsoft.com,2025-08-12 18:15:46.320,2025-08-18 15:22:45.377,Analyzed,[],cpe:2.3:o:microsoft:windows_server_2025:*:*:*:*:*:*:*:*,HIGH,,,Path traversal relativo en Windows Kerberos permite a un atacante autorizado elevar privilegios en una red.
101,CVE-2025-53784,secure@microsoft.com,2025-08-12 18:15:46.783,2025-08-18 15:23:25.680,Analyzed,[],cpe:2.3:a:microsoft:365_apps:-:*:*:*:enterprise:*:x64:*,HIGH,,,Use after free en Microsoft Office Word permite que un atacante no autorizado ejecute código localmente.
102,CVE-2025-53788,secure@microsoft.com,2025-08-12 18:15:47.047,2025-08-18 15:23:56.480,Analyzed,[],cpe:2.3:a:microsoft:windows_subsystem_for_linux:*:*:*:*:*:-:*:*,HIGH,,,La condición de ejecución de tiempo de uso y tiempo de verificación (toctou) en el Subsistema de Windows para Linux permite que un atacante autorizado eleve privilegios localmente.
103,CVE-2025-53789,secure@microsoft.com,2025-08-12 18:15:47.200,2025-08-14 17:11:21.493,Analyzed,[],cpe:2.3:o:microsoft:windows_10_1507:*:*:*:*:*:*:x64:*,HIGH,,,La falta de autenticación para una función crítica en la API de Windows StateRepository permite que un atacante autorizado eleve privilegios localmente.
104,CVE-2025-53793,secure@microsoft.com,2025-08-12 18:15:47.427,2025-08-18 15:25:08.893,Analyzed,[],cpe:2.3:a:microsoft:azure_stack_hub:*:*:*:*:*:*:*:*,HIGH,,,La autenticación incorrecta en Azure Stack permite que un atacante no autorizado divulgue información a través de una red.
106,CVE-2024-26009,psirt@fortinet.com,2025-08-12 19:15:27.230,2025-08-14 01:13:14.967,Analyzed,[],cpe:2.3:a:fortinet:fortiswitchmanager:*:*:*:*:*:*:*:*,HIGH,,,"Una vulnerabilidad de omisión de autenticación mediante una ruta o canal alternativo [CWE-288] en Fortinet FortiOS versión 6.4.0 a 6.4.15 y anteriores a 6.2.16, FortiProxy versión 7.4.0 a 7.4.2, 7.2.0 a 7.2.8 y anteriores a 7.0.15 y FortiPAM anterior a la versión 1.2.0 permite a un atacante no autenticado tomar el control de un dispositivo administrado a través de solicitudes FGFM manipuladas, si el dispositivo es administrado por un FortiManager y si el atacante conoce el número de serie de ese FortiManager."
111,CVE-2025-25256,psirt@fortinet.com,2025-08-12 19:15:28.683,2025-08-15 18:15:27.583,Modified,[],cpe:2.3:a:fortinet:fortisiem:*:*:*:*:*:*:*:*,CRITICAL,,,"Una vulnerabilidad de neutralización incorrecta de elementos especiales utilizados en un comando del SO ('OS Command Injection') [CWE-78] en Fortinet FortiSIEM versión 7.3.0 a 7.3.1, 7.2.0 a 7.2.5, 7.1.0 a 7.1.7, 7.0.0 a 7.0.3 y anteriores a 6.7.9 permite que un atacante no autenticado ejecute código o comandos no autorizados a través de solicitudes CLI manipuladas."
116,CVE-2025-49813,psirt@fortinet.com,2025-08-12 19:15:30.853,2025-08-15 12:26:02.137,Analyzed,[],cpe:2.3:a:fortinet:fortiadc:*:*:*:*:*:*:*:*,HIGH,,,"Una neutralización incorrecta de elementos especiales utilizados en una vulnerabilidad de comando del sistema operativo (""Inyección de comando del sistema operativo"") [CWE-78] en Fortinet FortiADC versión 7.2.0 y anteriores a 7.1.1 permite que un atacante remoto y autenticado con bajos privilegios ejecute código no autorizado a través de parámetros HTTP específicamente manipulada."
117,CVE-2025-52970,psirt@fortinet.com,2025-08-12 19:15:32.277,2025-08-15 12:26:38.300,Analyzed,[],cpe:2.3:a:fortinet:fortiweb:*:*:*:*:*:*:*:*,HIGH,,,"Un manejo inadecuado de los parámetros en Fortinet FortiWeb versiones 7.6.3 y anteriores, versiones 7.4.7 y anteriores, versiones 7.2.10 y anteriores, y 7.0.10 y anteriores puede permitir que un atacante remoto no autenticado con información no pública perteneciente al dispositivo y al usuario objetivo obtenga privilegios de administrador en el dispositivo a través de una solicitud especialmente manipulada."
118,CVE-2025-53744,psirt@fortinet.com,2025-08-12 19:15:35.113,2025-08-15 12:27:51.930,Analyzed,[],cpe:2.3:o:fortinet:fortios:*:*:*:*:*:*:*:*,HIGH,,,"Una vulnerabilidad de asignación incorrecta de privilegios [CWE-266] en FortiOS Security Fabric versión 7.6.0 a 7.6.2, 7.4.0 a 7.4.7, 7.2 todas las versiones, 7.0 todas las versiones, 6.4 todas las versiones, puede permitir que un atacante remoto autenticado con privilegios elevados escale sus privilegios a superadministrador mediante el registro del dispositivo en un FortiManager malicioso."
119,CVE-2025-20127,psirt@cisco.com,2025-08-14 17:15:33.907,2025-08-25 14:35:24.387,Analyzed,[],cpe:2.3:a:cisco:firepower_threat_defense:7.4.0:*:*:*:*:*:*:*,HIGH,,,"Una vulnerabilidad en la implementación de TLS 1.3 para un cifrado específico del software Cisco Secure Firewall Adaptive Security Appliance (ASA) y del software Cisco Secure Firewall Threat Defense (FTD) para dispositivos Cisco Firepower de las series 3100 y 4200 podría permitir que un atacante remoto autenticado consuma recursos asociados con conexiones entrantes TLS 1.3, lo que eventualmente podría provocar que el dispositivo deje de aceptar nuevas solicitudes SSL/TLS o VPN. Esta vulnerabilidad se debe a la implementación del cifrado TLS_CHACHA20_POLY1305_SHA256 de TLS 1.3. Un atacante podría explotar esta vulnerabilidad enviando un gran número de conexiones TLS 1.3 con el cifrado TLS_CHACHA20_POLY1305_SHA256. Una explotación exitosa podría permitir al atacante causar una denegación de servicio (DoS) donde no se aceptan nuevas conexiones cifradas entrantes. El dispositivo debe reiniciarse para solucionar esta situación. Nota: Estas conexiones entrantes TLS 1.3 incluyen tanto tráfico de datos como de administración de usuarios. Una vez que el dispositivo se encuentra en estado vulnerable, no se pueden aceptar nuevas conexiones cifradas."
120,CVE-2025-20148,psirt@cisco.com,2025-08-14 17:15:35.313,2025-08-25 14:44:12.873,Analyzed,[],cpe:2.3:a:cisco:secure_firewall_management_center:7.0.6:*:*:*:*:*:*:*,HIGH,,,"Una vulnerabilidad en la interfaz de administración web del software Cisco Secure Firewall Management Center (FMC) podría permitir que un atacante remoto autenticado inyecte contenido HTML arbitrario en un documento generado por el dispositivo. Esta vulnerabilidad se debe a una validación incorrecta de los datos proporcionados por el usuario. Un atacante podría explotar esta vulnerabilidad enviando contenido malicioso a un dispositivo afectado y utilizándolo para generar un documento con información confidencial. Una explotación exitosa podría permitir al atacante alterar el diseño estándar de los documentos generados por el dispositivo, leer archivos arbitrarios del sistema operativo subyacente y realizar ataques de Server-Side Request Forgery (SSRF). Para explotar esta vulnerabilidad, el atacante debe tener credenciales válidas para una cuenta de usuario con al menos el rol de Analista de Seguridad (Solo Lectura)."
123,CVE-2025-20265,psirt@cisco.com,2025-08-14 17:15:39.723,2025-08-16 01:15:27.227,Modified,[],cpe:2.3:a:cisco:secure_firewall_management_center:7.0.7:*:*:*:*:*:*:*,CRITICAL,,,"Una vulnerabilidad en la implementación del subsistema RADIUS del software Cisco Secure Firewall Management Center (FMC) podría permitir que un atacante remoto no autenticado inyecte comandos de shell arbitrarios que son ejecutados por el dispositivo. Esta vulnerabilidad se debe a una gestión inadecuada de la entrada del usuario durante la fase de autenticación. Un atacante podría explotar esta vulnerabilidad enviando una entrada manipulada al introducir credenciales que se autenticarán en el servidor RADIUS configurado. Una explotación exitosa podría permitir al atacante ejecutar comandos con un alto nivel de privilegios. Nota: Para explotar esta vulnerabilidad, el software Cisco Secure FMC debe estar configurado para la autenticación RADIUS para la interfaz de administración web, la administración SSH o ambas."
130,CVE-2025-48913,security@apache.org,2025-08-08 10:15:25.663,2025-08-14 19:46:03.753,Analyzed,[],cpe:2.3:a:apache:cxf:*:*:*:*:*:*:*:*,CRITICAL,,,"Si se permite a usuarios no confiables configurar JMS para Apache CXF, anteriormente podían usar URL RMI o LDAP, lo que podría generar capacidades de ejecución de código. Esta interfaz ahora está restringida para rechazar dichos protocolos, eliminando esta posibilidad. Se recomienda a los usuarios actualizar a las versiones 3.6.8, 4.0.9 o 4.1.3, que solucionan este problema."
131,CVE-2025-53606,security@apache.org,2025-08-08 10:15:26.547,2025-08-11 14:53:43.920,Analyzed,[],cpe:2.3:a:apache:seata:2.4.0:*:*:*:*:*:*:*,CRITICAL,,,"Vulnerabilidad de deserialización de datos no confiables en Apache Seata (en desarrollo). Este problema afecta a Apache Seata (en desarrollo): 2.4.0. Se recomienda actualizar a la versión 2.5.0, que soluciona el problema."
132,CVE-2025-48989,security@apache.org,2025-08-13 13:15:34.153,2025-08-18 18:34:04.980,Analyzed,[],cpe:2.3:a:apache:tomcat:*:*:*:*:*:*:*:*,HIGH,,,"Una vulnerabilidad de apagado o liberación incorrecta de recursos en Apache Tomcat lo hizo vulnerable al ataque ""Maked You Reset"". Este problema afecta a Apache Tomcat desde la versión 11.0.0-M1 hasta la 11.0.9, desde la 10.1.0-M1 hasta la 10.1.43 y desde la 9.0.0.M1 hasta la 9.0.107. Las versiones anteriores al final de su vida útil también pueden verse afectadas. Se recomienda actualizar a una de las versiones 11.0.10, 10.1.44 o 9.0.108, que solucionan el problema."
134,CVE-2025-54472,security@apache.org,2025-08-14 09:15:26.683,2025-08-18 18:35:46.417,Analyzed,[],cpe:2.3:a:apache:brpc:*:*:*:*:*:*:*:*,HIGH,,,"La asignación ilimitada de memoria en el analizador de protocolo Redis de Apache bRPC (todas las versiones anteriores a la 1.14.1) en todas las plataformas permite a los atacantes bloquear el servicio a través de la red. Causa raíz: En el código del analizador de protocolo Redis de bRPC, la memoria para matrices o cadenas de tamaños correspondientes se asigna en función de los enteros leídos de la red. Si el entero leído de la red es demasiado grande, puede causar un error de asignación incorrecta y provocar el bloqueo del programa. Los atacantes pueden explotar esta característica enviando paquetes de datos especiales al servicio bRPC para llevar a cabo un ataque de denegación de servicio. La versión bRPC 1.14.0 intentó solucionar este problema limitando el tamaño de la asignación de memoria; sin embargo, el código de comprobación de limitaciones no está bien implementado, lo que puede causar un desbordamiento de enteros y evadir dicha limitación. Por lo tanto, la versión 1.14.0 también es vulnerable, aunque el rango de enteros que afecta a la versión 1.14.0 es diferente al que afecta a la versión anterior. Escenarios afectados: Usar bRPC como servidor Redis para proporcionar servicios de red a clientes no confiables, o usar bRPC como cliente Redis para llamar a servicios Redis no confiables. Cómo solucionarlo: ofrecemos dos métodos, puede elegir uno de ellos: 1. Actualice bRPC a la versión 1.14.1. 2. Aplique este parche (https://github.com/apache/brpc/pull/3050) manualmente. Independientemente del método que elija, debe tener en cuenta que el parche limita la longitud máxima de memoria asignada para cada vez en el analizador Redis de bRPC. El límite predeterminado es 64M. Si alguna de sus solicitudes o respuestas de Redis tiene un tamaño mayor a 64M, podría encontrar un error después de la actualización. Para tal caso, puede modificar el gflag redis_max_allocation_size para establecer un límite mayor."
139,CVE-2025-54466,security@apache.org,2025-08-15 15:15:32.360,2025-08-21 18:56:39.957,Analyzed,[],cpe:2.3:a:apache:ofbiz:*:*:*:*:*:*:*:*,CRITICAL,,,"Vulnerabilidad de control inadecuado de generación de código ('Inyección de código') que puede provocar una RCE en el complemento Scrum de Apache OFBiz. Este problema afecta a Apache OFBiz: versiones anteriores al 24.09.02 únicamente cuando se utiliza el complemento Scrum. Incluso atacantes no autenticados pueden explotar esta vulnerabilidad. Se recomienda actualizar a la versión 24.09.02, que soluciona el problema."
140,CVE-2025-54652,psirt@huawei.com,2025-08-06 01:15:25.747,2025-08-18 15:40:18.673,Analyzed,[],cpe:2.3:o:huawei:harmonyos:5.0.1:*:*:*:*:*:*:*,HIGH,,,Vulnerabilidad de Path traversal en el módulo virtualization base. La explotación exitosa de esta vulnerabilidad podría afectar la confidencialidad del módulo de virtualización.
141,CVE-2025-54653,psirt@huawei.com,2025-08-06 01:15:26.260,2025-08-18 15:39:48.223,Analyzed,[],cpe:2.3:o:huawei:harmonyos:5.0.1:*:*:*:*:*:*:*,HIGH,,,Vulnerabilidad de Path traversal en el módulo virtualization file. La explotación exitosa de esta vulnerabilidad podría afectar la confidencialidad de dicho módulo.
142,CVE-2025-54655,psirt@huawei.com,2025-08-06 01:15:26.413,2025-08-20 19:02:57.447,Analyzed,[],cpe:2.3:o:huawei:harmonyos:5.0.1:*:*:*:*:*:*:*,HIGH,,,Vulnerabilidad de condición de ejecución en el módulo virtualization base. La explotación exitosa de esta vulnerabilidad podría afectar la confidencialidad e integridad del módulo gráfico de virtualización.
143,CVE-2025-54606,psirt@huawei.com,2025-08-06 02:15:46.450,2025-08-20 19:02:01.933,Analyzed,[],cpe:2.3:o:huawei:harmonyos:5.0.1:*:*:*:*:*:*:*,HIGH,,,Vulnerabilidad de verificación de estado en el módulo de lock screen. Impacto: La explotación exitosa de esta vulnerabilidad afectará la disponibilidad y la confidencialidad.
144,CVE-2025-54607,psirt@huawei.com,2025-08-06 02:15:46.630,2025-08-20 19:02:06.807,Analyzed,[],cpe:2.3:o:huawei:harmonyos:5.0.1:*:*:*:*:*:*:*,HIGH,,,Vulnerabilidad en la gestión de autenticación del módulo ArkWeb. Impacto: La explotación exitosa de esta vulnerabilidad podría afectar la confidencialidad del servicio.
148,CVE-2025-54611,psirt@huawei.com,2025-08-06 02:15:47.257,2025-08-12 16:30:56.253,Analyzed,[],cpe:2.3:o:huawei:emui:12.0.0:*:*:*:*:*:*:*,HIGH,,,Vulnerabilidad de lectura del recurso EXTRA_REFERRER en el módulo Gallery. Impacto: La explotación exitosa de esta vulnerabilidad podría afectar la confidencialidad del servicio.
155,CVE-2025-54622,psirt@huawei.com,2025-08-06 02:15:48.960,2025-08-20 19:01:55.407,Analyzed,[],cpe:2.3:o:huawei:harmonyos:5.0.1:*:*:*:*:*:*:*,HIGH,,,Vulnerabilidad de omisión de autenticación vinculante en el módulo devicemanager. Impacto: La explotación exitosa de esta vulnerabilidad podría afectar la confidencialidad del servicio.
159,CVE-2025-54627,psirt@huawei.com,2025-08-06 03:15:25.830,2025-08-20 19:01:48.670,Analyzed,[],cpe:2.3:o:huawei:harmonyos:5.0.1:*:*:*:*:*:*:*,HIGH,,,Vulnerabilidad de escritura fuera de los límites en el módulo skia. Impacto: La explotación exitosa de esta vulnerabilidad podría afectar la confidencialidad del servicio.
162,CVE-2025-54634,psirt@huawei.com,2025-08-06 03:15:26.910,2025-08-11 15:16:46.933,Analyzed,[],cpe:2.3:o:huawei:harmonyos:5.0.1:*:*:*:*:*:*:*,HIGH,,,Vulnerabilidad de procesamiento incorrecto de condiciones anormales en separaciones de páginas grandes. Impacto: La explotación exitosa de esta vulnerabilidad podría afectar la disponibilidad.
